{"tag_side_lengths": {"default": 0.03}, "tag_locations": {"3": [[1.0, 1.9052280497424203e-19, -1.0153056472807693e-18, 0.0], [-1.9052280497424203e-19, 1.0, 3.584640121883315e-19, 0.0], [1.0153056472807693e-18, -3.584640121883315e-19, 1.0, 0.0], [0.0, 0.0, 0.0, 1.0]], "5": [[-0.999684079954, 0.013958073680985063, 0.020902451187384218, -0.07332965253415952], [-0.014427231957968138, -0.9996435230541817, -0.022465123944792602, 0.02268250119740339], [0.020581430090150944, -0.022759591273573063, 0.9995290919930767, 0.001095119366345416], [0.0, 0.0, 0.0, 1.0]], "9": [[0.9996668523079789, 0.02018467923555889, -0.016086115777753172, 0.0812383296355632], [-0.020445579473566816, 0.9996593383200233, -0.016222995702502387, 0.03643514024963643], [0.01575317989003316, 0.016546481007481476, 0.9997389915821137, 0.0018164659331827324], [0.0, 0.0, 0.0, 1.0]], "1": [[0.9995732187965765, 0.029186579011262162, 0.0012344514048913038, -0.01202179512725247], [-0.029162000723185047, 0.9994359238947804, -0.016655681985672483, 0.08582927566001783], [-0.0017198774586120354, 0.01661257458090862, 0.9998605224666696, 0.0013149619840226209], [0.0, 0.0, 0.0, 1.0]], "2": [[0.9996551265726252, 0.004479594390443399, 0.025875879717715794, -0.118564186416172], [-0.0038795464184838415, 0.999723471610403, -0.02319330573313165, 0.09044618038034156], [-0.025972620904626022, 0.023084920301807324, 0.9993960723446956, 0.0033459771139947784], [0.0, 0.0, 0.0, 1.0]], "11": [[0.9735359481223417, -0.2280368830582543, -0.015064450823364594, 0.08195811328917083], [0.2269434424919307, 0.9724213230124775, -0.053790746979148714, 0.14090877644162636], [0.026915267478612885, 0.04894844753144975, 0.9984385899297041, 0.002907602256954788], [0.0, 0.0, 0.0, 1.0]], "4": [[0.987173585447922, 0.15902768575197782, 0.014089263936226051, -0.1596753202587322], [-0.15882490307336072, 0.9872001646250722, -0.014508105595423553, 0.030497932320270107], [-0.016216114134773977, 0.012084292639645226, 0.9997954828432501, 0.0028458347188450657], [0.0, 0.0, 0.0, 1.0]], "10": [[-0.9980769033543233, 0.061511909259248064, -0.0076668122402352365, 0.12416230183225839], [-0.061326129988432336, -0.9978645660253914, -0.022481406797603316, 0.2271554783648838], [-0.009033314523854911, -0.021967996955559184, 0.9997178633686975, 0.005700955210140286], [0.0, 0.0, 0.0, 1.0]], "8": [[-0.9977703993438547, -0.05200689798521115, 0.0418271772315652, -0.22025217235828376], [0.05020485574895004, -0.9978112172744432, -0.04303774088542465, 0.1487859983351632], [0.04397388602832418, -0.04084185651081099, 0.9981974955409969, 0.010100415547358547], [0.0, 0.0, 0.0, 1.0]], "6": [[-0.013425672976885619, 0.9982534391865028, 0.05753105646029171, -0.3109155411282625], [-0.9971042217673678, -0.00905869397463035, -0.07550570175268932, 0.14377791281137162], [-0.07485267021830151, -0.05837817413891553, 0.995484337669557, 0.01831752614561993], [0.0, 0.0, 0.0, 1.0]], "7": [[0.02018198876880414, 0.9978647718574414, 0.06211750490185771, -0.272807648886586], [-0.9977058489401691, 0.02411654139936243, -0.06325686857179492, 0.21413182584480359], [-0.06461986010440104, -0.06069834855108737, 0.9960622391011811, 0.020392772866247626], [0.0, 0.0, 0.0, 1.0]]}, "map_type": "3d"}