{"13": [[0.9996719718249628, 0.02515264313661546, -0.0048263123430529395, 0.01957236434571487], [0.025538658171346696, -0.9647678690191626, 0.26186014558735576, -0.004923784889028985], [0.001930203719232862, -0.26189750562284114, -0.9650937627309256, 0.23044950507257636], [0.0, 0.0, 0.0, 1.0]], "14": [[0.9803311957595863, -0.07332101019513683, 0.18323421101023812, -0.10611312913695495], [-0.11553182300758899, -0.9659268391937096, 0.2315982279677304, -0.001123961024881227], [0.1600098262392749, -0.24821235019477644, -0.955399123255649, 0.16026367138141878], [0.0, 0.0, 0.0, 1.0]], "8": [[0.7404826317330806, -0.6715346943261612, 0.026956008939016313, 0.018885211747343093], [-0.5571203947717005, -0.5908995565079095, 0.5834848582852692, -0.06789321140079227], [-0.37590203222525365, -0.44707814578105387, -0.8116765326987712, 0.12893671173565222], [0.0, 0.0, 0.0, 1.0]], "5": [[0.994146436500091, 0.02162924825800627, 0.10585385403453201, -0.14574706017322614], [-0.013031606633822624, -0.9485974215695914, 0.3162168702331748, 0.010040374098689601], [0.107252226190004, -0.31574532048997456, -0.9427628824715002, 0.12461186729647752], [0.0, 0.0, 0.0, 1.0]], "10": [[0.5834683535654333, -0.7659189208715428, 0.2700608950563075, 0.04755927683340662], [-0.7912602111397571, -0.4612091627981303, 0.4014889617637263, 0.01859096847900934], [-0.18295343302247602, -0.44794454433782216, -0.8751421179118688, 0.12298072610796655], [0.0, 0.0, 0.0, 1.0]], "12": [[0.28204268019132134, 0.7440893975131395, -0.6056260356515637, 0.1885913221305037], [0.8838954811664479, 0.04393688040677741, 0.46561607458683624, 0.08962311850507766], [0.37306930311140546, -0.6666337218058006, -0.6453051805365557, 0.15768401118408473], [0.0, 0.0, 0.0, 1.0]], "4": [[0.990482317481229, -0.022453400669210147, 0.13579625751618427, -0.08918211012618266], [-0.056525317909657015, -0.9659242340137267, 0.2525772408199278, 0.05846850183102997], [0.12549767803519762, -0.25784921745738054, -0.9580000594281769, 0.13772524198013317], [0.0, 0.0, 0.0, 1.0]], "9": [[0.9474488716157146, -0.28922067284049513, 0.13671882853433465, 0.02687825479847388], [-0.3193393554614556, -0.8295928481224355, 0.458037206346349, 0.0060426750026208636], [-0.019052866649710173, -0.4776265368944622, -0.8783563511050804, 0.11608054697434803], [0.0, 0.0, 0.0, 1.0]], "6": [[0.8779596437674639, 0.4769548623998773, 0.041242249560639814, -0.16780797560887917], [0.44468522030693874, -0.8443925374245488, 0.298757924718829, 0.012572900767400048], [0.1773186926307471, -0.243957582327023, -0.9534373494199168, 0.107845393117119], [0.0, 0.0, 0.0, 1.0]], "7": [[0.8655925052917169, 0.49195950895217433, 0.09341015113115277, -0.06327289645409162], [0.44024517611081965, -0.8365351342996902, 0.32617963454721227, 0.00501763555929755], [0.23860804616349943, -0.24121527860758546, -0.9406813433210538, 0.11755741107765424], [0.0, 0.0, 0.0, 1.0]], "11": [[0.9368353413717072, 0.3414720227124178, -0.07573903129593734, 0.06729949856700317], [0.34532498842858667, -0.8685680889496188, 0.35544356405089655, 0.11178488619528519], [0.0555895271049628, -0.35914667277185985, -0.9316241044075392, 0.14340023854116507], [0.0, 0.0, 0.0, 1.0]], "3": [[0.9452243480723976, -0.3261544968220313, 0.013197576060727995, -0.15600296287655627], [-0.31991636925912087, -0.9175987229069617, 0.23593664488496652, 0.09033885269569038], [-0.06484171875554302, -0.2272351819641504, -0.9716788170926373, 0.14859261816092023], [0.0, 0.0, 0.0, 1.0]], "2": [[0.9955312456829858, -0.06582151130388615, -0.06771312663402197, -0.23640646312578928], [-0.04509456109966549, -0.9613735004561439, 0.2715280338748271, 0.13152851701956006], [-0.08296999112999376, -0.2672611480750113, -0.9600455506388829, 0.19006349213988913], [0.0, 0.0, 0.0, 1.0]], "1": [[0.9409287954815799, -0.33557913242899007, -0.0451624590981235, -0.21863850366626417], [-0.32779565520364196, -0.936185084613469, 0.12691530946614377, 0.15358514994887199], [-0.08487055003473437, -0.10461421139347354, -0.9908848856004029, 0.13695653593039459], [0.0, 0.0, 0.0, 1.0]], "0": [[0.9191422218678601, 0.38323702356403955, 0.09114252437577851, -0.28060413624851194], [0.33337829538651514, -0.880013898935843, 0.33828161322323946, 0.1407154048361965], [0.2098487268128999, -0.28054397418143145, -0.9366208359872704, 0.14075145055494878], [0.0, 0.0, 0.0, 1.0]]}